{
	"credit": "Made with Blockbench. Made by EmerqldWither",
	"ambientocclusion": false,
	"textures": {
		"1": "wheel",
		"2": "intake_arm",
		"3": "bumper",
		"4": "bumper_16",
		"5": "bumper_back",
		"6": "shooter_ramp",
		"7": "hooks",
		"8": "soft_metal",
		"9": "shooter_axle",
		"10": "shooter_wheel",
		"11": "batter",
		"12": "rod",
		"particle": "rod"
	},
	"elements": [
		{
			"from": [2.92879, 30.42874, 15.64482],
			"to": [3.46654, 31.22698, 16.16206],
			"rotation": {"angle": 45, "axis": "x", "origin": [3.19766, 30.82786, 14.1668]},
			"faces": {
				"east": {"uv": [2, 3, 3, 4], "texture": "#7", "cullface": "up"},
				"south": {"uv": [3, 2, 4, 3], "texture": "#7", "cullface": "up"},
				"west": {"uv": [3, 3, 4, 4], "texture": "#7", "cullface": "up"},
				"up": {"uv": [1, 5, 0, 4], "texture": "#7", "cullface": "up"},
				"down": {"uv": [5, 0, 4, 1], "texture": "#7", "cullface": "up"}
			}
		},
		{
			"from": [2.92879, 29.46465, 14.49905],
			"to": [3.46654, 30.2629, 15.01628],
			"rotation": {"angle": 0, "axis": "y", "origin": [3.19766, 29.86378, 14.75766]},
			"faces": {
				"east": {"uv": [3, 5, 4, 6], "texture": "#7", "cullface": "up"},
				"west": {"uv": [4, 5, 5, 6], "texture": "#7", "cullface": "up"},
				"up": {"uv": [6, 5, 5, 4], "texture": "#7", "cullface": "up"},
				"down": {"uv": [6, 5, 5, 6], "texture": "#7", "cullface": "up"}
			}
		},
		{
			"from": [2.92879, 29.72836, 14.90995],
			"to": [3.46654, 30.5266, 15.42719],
			"rotation": {"angle": 22.5, "axis": "x", "origin": [3.19766, 30.12748, 14.30025]},
			"faces": {
				"east": {"uv": [4, 1, 5, 2], "texture": "#7", "cullface": "up"},
				"west": {"uv": [4, 2, 5, 3], "texture": "#7", "cullface": "up"},
				"up": {"uv": [4, 5, 3, 4], "texture": "#7", "cullface": "up"},
				"down": {"uv": [5, 3, 4, 4], "texture": "#7", "cullface": "up"}
			}
		},
		{
			"from": [2.92879, 29.5921, 13.1158],
			"to": [3.46654, 30.10934, 13.91405],
			"rotation": {"angle": 45, "axis": "x", "origin": [1.63164, 28.99426, 13.51493]},
			"faces": {
				"north": {"uv": [4, 4, 5, 5], "texture": "#7", "cullface": "up"},
				"east": {"uv": [0, 5, 1, 6], "texture": "#7", "cullface": "up"},
				"south": {"uv": [5, 0, 6, 1], "texture": "#7", "cullface": "up"},
				"west": {"uv": [1, 5, 2, 6], "texture": "#7", "cullface": "up"}
			}
		},
		{
			"from": [2.92879, 29.06786, 13.43095],
			"to": [3.46654, 29.5851, 14.22919],
			"rotation": {"angle": 22.5, "axis": "x", "origin": [1.63164, 29.07784, 13.83007]},
			"faces": {
				"north": {"uv": [1, 2, 2, 3], "texture": "#7", "cullface": "up"},
				"east": {"uv": [2, 1, 3, 2], "texture": "#7", "cullface": "up"},
				"south": {"uv": [2, 2, 3, 3], "texture": "#7", "cullface": "up"},
				"west": {"uv": [0, 3, 1, 4], "texture": "#7", "cullface": "up"}
			}
		},
		{
			"from": [2.92879, 28.73602, 14.28553],
			"to": [3.46654, 29.53426, 14.80276],
			"rotation": {"angle": -22.5, "axis": "x", "origin": [1.63164, 29.13514, 12.81936]},
			"faces": {
				"east": {"uv": [6, 0, 7, 1], "texture": "#7", "cullface": "up"},
				"west": {"uv": [6, 1, 7, 2], "texture": "#7", "cullface": "up"},
				"up": {"uv": [3, 7, 2, 6], "texture": "#7", "cullface": "up"},
				"down": {"uv": [7, 2, 6, 3], "texture": "#7", "cullface": "up"}
			}
		},
		{
			"from": [2.92879, 28.13972, 13.45751],
			"to": [3.46654, 29.22136, 14.25575],
			"rotation": {"angle": 0, "axis": "y", "origin": [1.63164, 28.14969, 13.85663]},
			"faces": {
				"north": {"uv": [0, 0, 1, 1], "texture": "#7", "cullface": "up"},
				"east": {"uv": [0, 1, 1, 2], "texture": "#7", "cullface": "up"},
				"south": {"uv": [1, 0, 2, 1], "texture": "#7", "cullface": "up"},
				"west": {"uv": [1, 1, 2, 2], "texture": "#7", "cullface": "up"},
				"down": {"uv": [3, 0, 2, 1], "texture": "#7", "cullface": "up"}
			}
		},
		{
			"from": [2.68674, 26.87776, 13.30229],
			"to": [3.79542, 28.13884, 14.41097],
			"rotation": {"angle": 0, "axis": "y", "origin": [0.88515, 26.89162, 13.85663]},
			"faces": {
				"north": {"uv": [0, 2, 0, 2], "texture": "#2", "cullface": "up"},
				"east": {"uv": [0, 2, 0, 2], "texture": "#2", "cullface": "up"},
				"south": {"uv": [0, 2, 0, 2], "texture": "#2", "cullface": "up"},
				"west": {"uv": [0, 2, 0, 2], "texture": "#2", "cullface": "up"},
				"up": {"uv": [0, 2, 0, 2], "texture": "#2", "cullface": "up"}
			}
		},
		{
			"from": [2.58115, 18.54374, 13.19671],
			"to": [3.901, 26.8779, 14.51656],
			"rotation": {"angle": 0, "axis": "y", "origin": [0.4364, 18.56024, 13.85663]},
			"faces": {
				"north": {"uv": [0, 2, 0, 6], "texture": "#2"},
				"east": {"uv": [0, 2, 0, 6], "texture": "#2"},
				"south": {"uv": [0, 2, 0, 6], "texture": "#2"},
				"west": {"uv": [0, 2, 0, 6], "texture": "#2"},
				"up": {"uv": [0, 2, 0, 2], "texture": "#2", "cullface": "up"}
			}
		},
		{
			"from": [2.37276, -1.18975, 12.98831],
			"to": [4.1094, 18.82508, 14.72495],
			"rotation": {"angle": 0, "axis": "y", "origin": [-0.44929, -1.16804, 13.85663]},
			"faces": {
				"north": {"uv": [1, 3, 2, 14], "texture": "#2"},
				"east": {"uv": [0, 3, 1, 14], "texture": "#2"},
				"south": {"uv": [3, 3, 4, 14], "texture": "#2"},
				"west": {"uv": [2, 3, 3, 14], "texture": "#2"},
				"up": {"uv": [2, 3, 1, 2], "texture": "#2"},
				"down": {"uv": [3, 2, 2, 3], "texture": "#2"}
			}
		},
		{
			"from": [7.35723, 28.47638, 8.04126],
			"to": [7.89498, 29.27462, 8.55849],
			"rotation": {"angle": 45, "axis": "x", "origin": [7.64781, 21.07737, 15.01037]},
			"faces": {
				"east": {"uv": [6, 3, 7, 4], "texture": "#7", "cullface": "up"},
				"south": {"uv": [4, 6, 5, 7], "texture": "#7", "cullface": "up"},
				"west": {"uv": [6, 4, 7, 5], "texture": "#7", "cullface": "up"},
				"up": {"uv": [6, 7, 5, 6], "texture": "#7", "cullface": "up"},
				"down": {"uv": [7, 5, 6, 6], "texture": "#7", "cullface": "up"}
			}
		},
		{
			"from": [7.35723, 31.2013, 14.8837],
			"to": [7.89498, 31.99954, 15.40094],
			"rotation": {"angle": 0, "axis": "y", "origin": [7.64781, 21.07737, 15.01037]},
			"faces": {
				"east": {"uv": [3, 7, 4, 8], "texture": "#7", "cullface": "up"},
				"west": {"uv": [4, 7, 5, 8], "texture": "#7", "cullface": "up"},
				"up": {"uv": [8, 5, 7, 4], "texture": "#7", "cullface": "up"},
				"down": {"uv": [6, 7, 5, 8], "texture": "#7", "cullface": "up"}
			}
		},
		{
			"from": [7.35723, 30.51936, 11.19147],
			"to": [7.89498, 31.31761, 11.7087],
			"rotation": {"angle": 22.5, "axis": "x", "origin": [7.64781, 21.07737, 15.01037]},
			"faces": {
				"east": {"uv": [0, 7, 1, 8], "texture": "#7", "cullface": "up"},
				"west": {"uv": [1, 7, 2, 8], "texture": "#7", "cullface": "up"},
				"up": {"uv": [8, 2, 7, 1], "texture": "#7", "cullface": "up"},
				"down": {"uv": [3, 7, 2, 8], "texture": "#7", "cullface": "up"}
			}
		},
		{
			"from": [7.35723, 27.71585, 6.99972],
			"to": [7.89498, 28.23308, 7.79796],
			"rotation": {"angle": 45, "axis": "x", "origin": [7.64781, 21.07737, 15.01037]},
			"faces": {
				"north": {"uv": [1, 8, 2, 9], "texture": "#7", "cullface": "up"},
				"east": {"uv": [8, 1, 9, 2], "texture": "#7", "cullface": "up"},
				"south": {"uv": [2, 8, 3, 9], "texture": "#7", "cullface": "up"},
				"west": {"uv": [8, 2, 9, 3], "texture": "#7", "cullface": "up"}
			}
		},
		{
			"from": [7.35723, 29.75883, 10.14993],
			"to": [7.89498, 30.27607, 10.94818],
			"rotation": {"angle": 22.5, "axis": "x", "origin": [7.64781, 21.07737, 15.01037]},
			"faces": {
				"north": {"uv": [4, 8, 5, 9], "texture": "#7", "cullface": "up"},
				"east": {"uv": [8, 4, 9, 5], "texture": "#7", "cullface": "up"},
				"south": {"uv": [5, 8, 6, 9], "texture": "#7", "cullface": "up"},
				"west": {"uv": [8, 5, 9, 6], "texture": "#7", "cullface": "up"}
			}
		},
		{
			"from": [7.35723, 30.41837, 18.55585],
			"to": [7.89498, 31.21661, 19.07308],
			"rotation": {"angle": -22.5, "axis": "x", "origin": [7.64781, 21.07737, 15.01037]},
			"faces": {
				"east": {"uv": [6, 7, 7, 8], "texture": "#7", "cullface": "up"},
				"west": {"uv": [7, 7, 8, 8], "texture": "#7", "cullface": "up"},
				"up": {"uv": [1, 9, 0, 8], "texture": "#7", "cullface": "up"},
				"down": {"uv": [9, 0, 8, 1], "texture": "#7", "cullface": "up"}
			}
		},
		{
			"from": [7.35723, 29.87636, 13.84216],
			"to": [7.89498, 30.958, 14.64041],
			"rotation": {"angle": 0, "axis": "y", "origin": [7.64781, 21.07737, 15.01037]},
			"faces": {
				"north": {"uv": [7, 8, 8, 9], "texture": "#7", "cullface": "up"},
				"east": {"uv": [8, 7, 9, 8], "texture": "#7", "cullface": "up"},
				"south": {"uv": [8, 8, 9, 9], "texture": "#7", "cullface": "up"},
				"west": {"uv": [0, 9, 1, 10], "texture": "#7", "cullface": "up"},
				"down": {"uv": [2, 9, 1, 10], "texture": "#7", "cullface": "up"}
			}
		},
		{
			"from": [7.11518, 28.61441, 13.68695],
			"to": [8.22386, 29.87549, 14.79562],
			"rotation": {"angle": 0, "axis": "y", "origin": [7.64781, 21.07737, 15.01037]},
			"faces": {
				"north": {"uv": [0, 2, 0, 2], "texture": "#2", "cullface": "up"},
				"east": {"uv": [0, 2, 0, 2], "texture": "#2", "cullface": "up"},
				"south": {"uv": [0, 2, 0, 2], "texture": "#2", "cullface": "up"},
				"west": {"uv": [0, 2, 0, 2], "texture": "#2", "cullface": "up"},
				"up": {"uv": [0, 2, 0, 2], "texture": "#2", "cullface": "up"}
			}
		},
		{
			"from": [7.0096, 20.28039, 13.58136],
			"to": [8.32945, 28.61455, 14.90121],
			"rotation": {"angle": 0, "axis": "y", "origin": [7.64781, 21.07737, 15.01037]},
			"faces": {
				"north": {"uv": [0, 2, 0, 6], "texture": "#2"},
				"east": {"uv": [0, 2, 0, 6], "texture": "#2"},
				"south": {"uv": [0, 2, 0, 6], "texture": "#2"},
				"west": {"uv": [0, 2, 0, 6], "texture": "#2"},
				"up": {"uv": [0, 2, 0, 2], "texture": "#2", "cullface": "up"}
			}
		},
		{
			"from": [6.8012, -0.75559, 13.37296],
			"to": [8.53784, 20.56173, 15.10961],
			"rotation": {"angle": 0, "axis": "y", "origin": [7.64781, 21.07737, 15.01037]},
			"faces": {
				"north": {"uv": [1, 3, 2, 15], "texture": "#2"},
				"east": {"uv": [0, 3, 1, 15], "texture": "#2"},
				"south": {"uv": [3, 3, 4, 15], "texture": "#2"},
				"west": {"uv": [2, 3, 3, 15], "texture": "#2"},
				"up": {"uv": [2, 3, 1, 2], "texture": "#2"},
				"down": {"uv": [3, 2, 2, 3], "texture": "#2"}
			}
		},
		{
			"from": [11.69884, 26.73973, 7.6071],
			"to": [12.23659, 27.53798, 8.12433],
			"rotation": {"angle": 45, "axis": "x", "origin": [11.98942, 19.34072, 14.57621]},
			"faces": {
				"east": {"uv": [5, 9, 6, 10], "texture": "#7", "cullface": "up"},
				"south": {"uv": [9, 5, 10, 6], "texture": "#7", "cullface": "up"},
				"west": {"uv": [6, 9, 7, 10], "texture": "#7", "cullface": "up"},
				"up": {"uv": [10, 7, 9, 6], "texture": "#7", "cullface": "up"},
				"down": {"uv": [8, 9, 7, 10], "texture": "#7", "cullface": "up"}
			}
		},
		{
			"from": [11.69884, 29.46465, 14.44954],
			"to": [12.23659, 30.2629, 14.96678],
			"rotation": {"angle": 0, "axis": "y", "origin": [11.98942, 19.34072, 14.57621]},
			"faces": {
				"east": {"uv": [8, 9, 9, 10], "texture": "#7", "cullface": "up"},
				"west": {"uv": [9, 9, 10, 10], "texture": "#7", "cullface": "up"},
				"up": {"uv": [1, 11, 0, 10], "texture": "#7", "cullface": "up"},
				"down": {"uv": [11, 0, 10, 1], "texture": "#7", "cullface": "up"}
			}
		},
		{
			"from": [11.69884, 28.78272, 10.75731],
			"to": [12.23659, 29.58096, 11.27454],
			"rotation": {"angle": 22.5, "axis": "x", "origin": [11.98942, 19.34072, 14.57621]},
			"faces": {
				"east": {"uv": [2, 9, 3, 10], "texture": "#7", "cullface": "up"},
				"west": {"uv": [3, 9, 4, 10], "texture": "#7", "cullface": "up"},
				"up": {"uv": [10, 4, 9, 3], "texture": "#7", "cullface": "up"},
				"down": {"uv": [5, 9, 4, 10], "texture": "#7", "cullface": "up"}
			}
		},
		{
			"from": [11.69884, 25.97921, 6.56556],
			"to": [12.23659, 26.49644, 7.3638],
			"rotation": {"angle": 45, "axis": "x", "origin": [11.98942, 19.34072, 14.57621]},
			"faces": {
				"north": {"uv": [10, 10, 11, 11], "texture": "#7", "cullface": "up"},
				"east": {"uv": [0, 11, 1, 12], "texture": "#7", "cullface": "up"},
				"south": {"uv": [11, 0, 12, 1], "texture": "#7", "cullface": "up"},
				"west": {"uv": [1, 11, 2, 12], "texture": "#7", "cullface": "up"}
			}
		},
		{
			"from": [11.69884, 28.02219, 9.71577],
			"to": [12.23659, 28.53942, 10.51402],
			"rotation": {"angle": 22.5, "axis": "x", "origin": [11.98942, 19.34072, 14.57621]},
			"faces": {
				"north": {"uv": [4, 10, 5, 11], "texture": "#7", "cullface": "up"},
				"east": {"uv": [10, 4, 11, 5], "texture": "#7", "cullface": "up"},
				"south": {"uv": [5, 10, 6, 11], "texture": "#7", "cullface": "up"},
				"west": {"uv": [10, 5, 11, 6], "texture": "#7", "cullface": "up"}
			}
		},
		{
			"from": [11.69884, 28.68172, 18.12169],
			"to": [12.23659, 29.47997, 18.63892],
			"rotation": {"angle": -22.5, "axis": "x", "origin": [11.98942, 19.34072, 14.57621]},
			"faces": {
				"east": {"uv": [10, 1, 11, 2], "texture": "#7", "cullface": "up"},
				"west": {"uv": [10, 2, 11, 3], "texture": "#7", "cullface": "up"},
				"up": {"uv": [4, 11, 3, 10], "texture": "#7", "cullface": "up"},
				"down": {"uv": [11, 3, 10, 4], "texture": "#7", "cullface": "up"}
			}
		},
		{
			"from": [11.69884, 28.13972, 13.408],
			"to": [12.23659, 29.22136, 14.20625],
			"rotation": {"angle": 0, "axis": "y", "origin": [11.98942, 19.34072, 14.57621]},
			"faces": {
				"north": {"uv": [7, 10, 8, 11], "texture": "#7", "cullface": "up"},
				"east": {"uv": [10, 7, 11, 8], "texture": "#7", "cullface": "up"},
				"south": {"uv": [8, 10, 9, 11], "texture": "#7", "cullface": "up"},
				"west": {"uv": [10, 8, 11, 9], "texture": "#7", "cullface": "up"},
				"down": {"uv": [11, 9, 10, 10], "texture": "#7", "cullface": "up"}
			}
		},
		{
			"from": [11.4568, 26.87776, 13.25279],
			"to": [12.56547, 28.13884, 14.36146],
			"rotation": {"angle": 0, "axis": "y", "origin": [11.98942, 19.34072, 14.57621]},
			"faces": {
				"north": {"uv": [0, 2, 0, 2], "texture": "#2", "cullface": "up"},
				"east": {"uv": [0, 2, 0, 2], "texture": "#2", "cullface": "up"},
				"south": {"uv": [0, 2, 0, 2], "texture": "#2", "cullface": "up"},
				"west": {"uv": [0, 2, 0, 2], "texture": "#2", "cullface": "up"},
				"up": {"uv": [0, 2, 0, 2], "texture": "#2", "cullface": "up"}
			}
		},
		{
			"from": [11.35121, 18.54374, 13.1472],
			"to": [12.67106, 26.8779, 14.46705],
			"rotation": {"angle": 0, "axis": "y", "origin": [11.98942, 19.34072, 14.57621]},
			"faces": {
				"north": {"uv": [0, 2, 0, 6], "texture": "#2"},
				"east": {"uv": [0, 2, 0, 6], "texture": "#2"},
				"south": {"uv": [0, 2, 0, 6], "texture": "#2"},
				"west": {"uv": [0, 2, 0, 6], "texture": "#2"},
				"up": {"uv": [0, 2, 0, 2], "texture": "#2", "cullface": "up"}
			}
		},
		{
			"from": [11.14281, -1.18975, 12.9388],
			"to": [12.87945, 18.82508, 14.67545],
			"rotation": {"angle": 0, "axis": "y", "origin": [11.98942, 19.34072, 14.57621]},
			"faces": {
				"north": {"uv": [1, 3, 2, 14], "texture": "#2"},
				"east": {"uv": [0, 3, 1, 14], "texture": "#2"},
				"south": {"uv": [3, 3, 4, 14], "texture": "#2"},
				"west": {"uv": [2, 3, 3, 14], "texture": "#2"},
				"up": {"uv": [2, 3, 1, 2], "texture": "#2"},
				"down": {"uv": [3, 2, 2, 3], "texture": "#2"}
			}
		},
		{
			"from": [2.30763, -2.03636, 13.60864],
			"to": [12.7275, -0.29972, 15.34528],
			"rotation": {"angle": 0, "axis": "y", "origin": [10.99085, -2.03636, 13.60864]},
			"faces": {
				"north": {"uv": [1, 2, 7, 3], "texture": "#2"},
				"east": {"uv": [0, 2, 1, 3], "texture": "#2"},
				"south": {"uv": [8, 2, 14, 3], "texture": "#2"},
				"west": {"uv": [7, 2, 8, 3], "texture": "#2"},
				"up": {"uv": [7, 2, 1, 1], "texture": "#2"},
				"down": {"uv": [13, 1, 7, 2], "texture": "#2"}
			}
		},
		{
			"from": [2.39446, 14.46176, 12.74032],
			"to": [12.85775, 15.54716, 13.60864],
			"rotation": {"angle": 0, "axis": "y", "origin": [9.25421, 14.46176, 13.60864]},
			"faces": {
				"north": {"uv": [0, 0.5, 6, 0.5], "texture": "#2"},
				"east": {"uv": [0, 0.5, 0, 0.5], "texture": "#2"},
				"south": {"uv": [6, 0.5, 12, 0.5], "texture": "#2"},
				"west": {"uv": [6, 0.5, 6, 0.5], "texture": "#2"},
				"up": {"uv": [6, 0.5, 0, 0.5], "texture": "#2"},
				"down": {"uv": [12, 0.5, 6, 0.5], "texture": "#2"}
			}
		},
		{
			"from": [3.26279, 10.55431, 12.26274],
			"to": [3.87061, 13.85394, 12.9574],
			"rotation": {"angle": 0, "axis": "y", "origin": [3.26279, 10.55431, 12.26274]},
			"faces": {
				"north": {"uv": [0, 0.4, 0, 1.4], "texture": "#8"},
				"east": {"uv": [0, 0.4, 0, 1.4], "texture": "#8"},
				"south": {"uv": [0, 0.4, 0, 1.4], "texture": "#8"},
				"west": {"uv": [0, 0.4, 0, 1.4], "texture": "#8"},
				"up": {"uv": [0, 0.4, 0, 0.4], "texture": "#8"},
				"down": {"uv": [0, 0.4, 0, 0.4], "texture": "#8"}
			}
		},
		{
			"from": [11.6638, 13.81052, 12.43641],
			"to": [11.96772, 15.46033, 12.78373],
			"rotation": {"angle": 0, "axis": "y", "origin": [11.81576, 14.63543, 12.61007]},
			"faces": {
				"north": {"uv": [0, 0.4, 0, 0.4], "texture": "#8"},
				"east": {"uv": [0, 0.4, 0, 0.4], "texture": "#8"},
				"south": {"uv": [0, 0.4, 0, 0.4], "texture": "#8"},
				"west": {"uv": [0, 0.4, 0, 0.4], "texture": "#8"},
				"up": {"uv": [0, 0.4, 0, 0.4], "texture": "#8"}
			}
		},
		{
			"from": [11.51185, 10.55431, 12.26274],
			"to": [12.11967, 13.85394, 12.9574],
			"rotation": {"angle": 0, "axis": "y", "origin": [11.51185, 10.55431, 12.26274]},
			"faces": {
				"north": {"uv": [0, 0.4, 0, 1.4], "texture": "#8"},
				"east": {"uv": [0, 0.4, 0, 1.4], "texture": "#8"},
				"west": {"uv": [0, 0.4, 0, 1.4], "texture": "#8"},
				"up": {"uv": [0, 0.4, 0, 0.4], "texture": "#8"},
				"down": {"uv": [0, 0.4, 0, 0.4], "texture": "#8"}
			}
		},
		{
			"from": [3.41474, 13.81052, 12.43641],
			"to": [3.71866, 15.46033, 12.78373],
			"rotation": {"angle": 0, "axis": "y", "origin": [3.5667, 14.63543, 12.61007]},
			"faces": {
				"north": {"uv": [0.25, 0.25, 0.75, 0.75], "texture": "#8"},
				"east": {"uv": [1.25, 0.25, 1.75, 0.75], "texture": "#8"},
				"south": {"uv": [2.25, 0.25, 2.75, 0.75], "texture": "#8"},
				"west": {"uv": [3.25, 0.25, 3.75, 0.75], "texture": "#8"},
				"up": {"uv": [4.25, 0.25, 4.75, 0.75], "texture": "#8"}
			}
		},
		{
			"name": "Wheel",
			"from": [0.57099, -5.50965, -2.58557],
			"to": [2.30763, -1.25487, 1.75604],
			"rotation": {"angle": 0, "axis": "y", "origin": [-6.37559, -5.50965, -7.23109]},
			"faces": {
				"north": {"uv": [8, 7.5, 9, 9.5], "texture": "#10"},
				"east": {"uv": [0, 6.225, 5.05, 10.95], "texture": "#10"},
				"south": {"uv": [6, 6.5, 7, 8.5], "texture": "#10"},
				"west": {"uv": [0, 6.05, 5.06667, 11.15], "texture": "#10"},
				"up": {"uv": [9.25, 4.5, 7.91667, 2], "texture": "#10"},
				"down": {"uv": [7, 1.5, 6, 3.5], "texture": "#10", "cullface": "down"}
			}
		},
		{
			"name": "Wheel",
			"from": [0.57099, -5.50965, 4.36101],
			"to": [2.30763, -1.25487, 8.70262],
			"rotation": {"angle": 0, "axis": "y", "origin": [-6.37559, -5.50965, -7.23109]},
			"faces": {
				"north": {"uv": [6.25, 7, 7.25, 9], "texture": "#10"},
				"east": {"uv": [0, 6, 5.175, 11.15], "texture": "#10"},
				"south": {"uv": [8.125, 6.875, 9.125, 8.875], "texture": "#10"},
				"west": {"uv": [0, 6.15, 5.05, 11.2], "texture": "#10"},
				"up": {"uv": [9, 4.5, 8, 2.5], "texture": "#10"},
				"down": {"uv": [7, 2.5, 6, 4.5], "texture": "#10", "cullface": "down"}
			}
		},
		{
			"name": "Wheel",
			"from": [0.57099, -5.50965, 11.30759],
			"to": [2.30763, -1.25487, 15.6492],
			"rotation": {"angle": 0, "axis": "y", "origin": [-6.37559, -5.50965, -7.23109]},
			"faces": {
				"north": {"uv": [8, 7, 9, 9], "texture": "#10"},
				"east": {"uv": [0, 6, 5.25, 11.25], "texture": "#10"},
				"south": {"uv": [6, 2, 7, 4], "texture": "#10"},
				"west": {"uv": [0, 6, 5.25, 11.25], "texture": "#10"},
				"up": {"uv": [9, 4, 8, 1], "texture": "#10"},
				"down": {"uv": [7, 6, 6, 9], "texture": "#10", "cullface": "down"}
			}
		},
		{
			"name": "Wheel",
			"from": [12.7275, -5.50965, 11.30759],
			"to": [14.46414, -1.25487, 15.6492],
			"rotation": {"angle": 0, "axis": "y", "origin": [-6.37559, -5.50965, -7.23109]},
			"faces": {
				"north": {"uv": [8.2, 0.2, 9.35, 5.05], "texture": "#10"},
				"east": {"uv": [0.05, 6.1, 5.15, 11.15], "texture": "#10"},
				"south": {"uv": [6.1, 0.3, 7.4, 5.15], "texture": "#10"},
				"west": {"uv": [0.15, 6, 5.25, 11.2], "texture": "#10"},
				"up": {"uv": [7.35, 11.15, 6.2, 6.2], "texture": "#10"},
				"down": {"uv": [9.5, 7, 8, 11.25], "texture": "#10", "cullface": "down"}
			}
		},
		{
			"name": "Wheel",
			"from": [12.7275, -5.50965, 4.36101],
			"to": [14.46414, -1.25487, 8.70262],
			"rotation": {"angle": 0, "axis": "y", "origin": [-6.37559, -5.50965, -7.23109]},
			"faces": {
				"north": {"uv": [7.25, 5.15, 6, 0.1], "texture": "#10"},
				"east": {"uv": [5.25, 11.25, 0, 6], "texture": "#10"},
				"south": {"uv": [9.5, 5.05, 8, 1], "texture": "#10"},
				"west": {"uv": [5.25, 11.25, 0, 6.15], "texture": "#10"},
				"up": {"uv": [9.5, 11.2, 8, 7], "texture": "#10"},
				"down": {"uv": [7.5, 10.95, 6, 7], "texture": "#10", "cullface": "down"}
			}
		},
		{
			"name": "Wheel",
			"from": [12.7275, -5.50965, -2.58557],
			"to": [14.46414, -1.25487, 1.75604],
			"rotation": {"angle": 0, "axis": "y", "origin": [-6.37559, -5.50965, -7.23109]},
			"faces": {
				"north": {"uv": [8, 7.5, 9, 9.5], "texture": "#10"},
				"east": {"uv": [0.075, 6.175, 5.05, 11.075], "texture": "#10"},
				"south": {"uv": [6, 7.5, 7, 9.5], "texture": "#10"},
				"west": {"uv": [0, 6.075, 5.1, 11.075], "texture": "#10"},
				"up": {"uv": [7, 2.5, 6, 0.5], "texture": "#10"},
				"down": {"uv": [9, 2.5, 8, 4.5], "texture": "#10", "cullface": "down"}
			}
		},
		{
			"from": [2.30763, -3.773, -3.7578],
			"to": [3.08912, -2.03636, 18.81857],
			"rotation": {"angle": 0, "axis": "y", "origin": [-6.37559, -5.50965, -7.23109]},
			"faces": {
				"east": {"uv": [0, 21, 13, 22], "texture": "#2"},
				"west": {"uv": [13, 21, 26, 22], "texture": "#2"},
				"up": {"uv": [13, 21, 13, 8], "texture": "#2"}
			}
		},
		{
			"from": [11.94601, -3.773, -3.7578],
			"to": [12.7275, -2.03636, 18.81857],
			"rotation": {"angle": 0, "axis": "y", "origin": [-6.37559, -5.50965, -7.23109]},
			"faces": {
				"east": {"uv": [0, 21, 13, 22], "texture": "#2"},
				"west": {"uv": [13, 21, 26, 22], "texture": "#2"},
				"up": {"uv": [13, 21, 13, 8], "texture": "#2"}
			}
		},
		{
			"name": "Bumper",
			"from": [-1.16566, -3.773, -3.7578],
			"to": [0.57099, -2.03636, 18.81857],
			"rotation": {"angle": 0, "axis": "y", "origin": [-6.37559, -5.50965, -7.23109]},
			"faces": {
				"east": {"uv": [0, 15, 13, 16], "texture": "#3"},
				"west": {"uv": [0, 1, 13, 2], "texture": "#3"},
				"up": {"uv": [1, 15, 0, 2], "texture": "#3"},
				"down": {"uv": [2, 1, 1, 14], "texture": "#3"}
			}
		},
		{
			"name": "Bumper",
			"from": [-1.16566, -3.773, 18.81857],
			"to": [16.20079, -2.03636, 20.55522],
			"rotation": {"angle": 0, "axis": "y", "origin": [-6.37559, -5.50965, -5.49445]},
			"faces": {
				"north": {"uv": [0, 0, 10, 1], "texture": "#5"},
				"east": {"uv": [0, 4, 1, 5], "texture": "#5"},
				"south": {"uv": [0, 1, 10, 2], "texture": "#5", "cullface": "south"},
				"west": {"uv": [1, 4, 2, 5], "texture": "#5"},
				"up": {"uv": [10, 3, 0, 2], "texture": "#5"},
				"down": {"uv": [10, 3, 0, 4], "texture": "#5"}
			}
		},
		{
			"name": "Bumper",
			"from": [14.46414, -3.773, -3.7578],
			"to": [16.20079, -2.03636, 18.81857],
			"rotation": {"angle": 0, "axis": "y", "origin": [-6.37559, -5.50965, -7.23109]},
			"faces": {
				"east": {"uv": [0, 1, 13, 2], "texture": "#3"},
				"west": {"uv": [0, 0, 13, 1], "texture": "#3"},
				"up": {"uv": [0, 1, 1, 14], "texture": "#3"},
				"down": {"uv": [0, 1, 1, 14], "texture": "#3"}
			}
		},
		{
			"name": "Bumper",
			"from": [3.04571, -3.773, -3.7578],
			"to": [11.94601, -2.03636, -2.02116],
			"rotation": {"angle": 0, "axis": "y", "origin": [-10.63037, -5.50965, -5.49445]},
			"faces": {
				"north": {"uv": [1, 2, 6, 3], "texture": "#2"},
				"south": {"uv": [7, 2, 12, 3], "texture": "#2"},
				"up": {"uv": [6, 2, 1, 1], "texture": "#2"}
			}
		},
		{
			"name": "Bumper",
			"from": [11.94601, -3.773, -5.49445],
			"to": [16.20079, -2.03636, -3.7578],
			"rotation": {"angle": 0, "axis": "y", "origin": [-6.37559, -5.50965, -7.23109]},
			"faces": {
				"north": {"uv": [0, 0, 10, 4], "texture": "#4"},
				"east": {"uv": [12, 0, 16, 4], "texture": "#4"},
				"south": {"uv": [0, 4, 10, 8], "texture": "#4"},
				"west": {"uv": [12, 4, 16, 8], "texture": "#4"},
				"up": {"uv": [10, 12, 0, 8], "texture": "#4"},
				"down": {"uv": [10, 12, 0, 16], "texture": "#4"}
			}
		},
		{
			"name": "Bumper",
			"from": [-1.16566, -3.773, -5.49445],
			"to": [3.08912, -2.03636, -3.7578],
			"rotation": {"angle": 0, "axis": "y", "origin": [-6.37559, -5.50965, -7.23109]},
			"faces": {
				"north": {"uv": [2.25, 2, 4.25, 3], "texture": "#3"},
				"east": {"uv": [5, 5, 6, 6], "texture": "#3"},
				"south": {"uv": [9, 5, 11, 6], "texture": "#3"},
				"west": {"uv": [5, 5, 6, 6], "texture": "#3"},
				"up": {"uv": [4, 6, 2, 5], "texture": "#3"},
				"down": {"uv": [4, 5, 2, 6], "texture": "#3"}
			}
		},
		{
			"from": [8.90688, -2.03636, 15.34528],
			"to": [10.20936, -2.03636, 18.81857],
			"rotation": {"angle": 0, "axis": "y", "origin": [8.47272, -3.773, 17.08193]},
			"faces": {
				"up": {"uv": [2, 4, 2, 2], "texture": "#2"},
				"down": {"uv": [2, 2, 2, 4], "texture": "#2"}
			}
		},
		{
			"from": [4.60869, -2.03636, 15.34528],
			"to": [5.91117, -2.03636, 18.81857],
			"rotation": {"angle": 0, "axis": "y", "origin": [4.17452, -3.773, 17.08193]},
			"faces": {
				"up": {"uv": [2, 4, 2, 2], "texture": "#2"},
				"down": {"uv": [2, 2, 2, 4], "texture": "#2"}
			}
		},
		{
			"from": [5.91117, -2.03636, 15.34528],
			"to": [8.90688, -2.03636, 16.64777],
			"rotation": {"angle": 0, "axis": "y", "origin": [7.64781, -3.773, 17.08193]},
			"faces": {
				"up": {"uv": [1, 1.725, 0, 1.725], "texture": "#2"},
				"down": {"uv": [2, 1.725, 1, 1.725], "texture": "#2"}
			}
		},
		{
			"from": [6.08483, -3.773, 16.64777],
			"to": [8.64638, -1.16804, 18.68833],
			"rotation": {"angle": 0, "axis": "y", "origin": [7.0834, -3.773, 16.95168]},
			"faces": {
				"north": {"uv": [0, 0, 1, 2], "texture": "#11"},
				"east": {"uv": [1, 0, 2, 2], "texture": "#11"},
				"south": {"uv": [0, 2, 1, 4], "texture": "#11"},
				"west": {"uv": [2, 0, 3, 2], "texture": "#11"},
				"up": {"uv": [2, 3, 1, 2], "texture": "#11"}
			}
		},
		{
			"name": "Bottom Plate",
			"from": [2.30763, -3.773, -3.7578],
			"to": [12.7275, -3.773, 18.81857],
			"rotation": {"angle": 0, "axis": "y", "origin": [-6.37559, -5.50965, -7.23109]},
			"faces": {
				"up": {"uv": [19, 21, 13, 8], "texture": "#2"},
				"down": {"uv": [25, 8, 19, 21], "texture": "#2"}
			}
		},
		{
			"from": [11.01256, -1.18975, 10.56951],
			"to": [12.74921, 12.74683, 12.30616],
			"rotation": {"angle": 0, "axis": "y", "origin": [15.57125, -1.16804, 11.43783]},
			"faces": {
				"north": {"uv": [1, 3, 2, 11], "texture": "#2"},
				"east": {"uv": [0, 3, 1, 11], "texture": "#2"},
				"south": {"uv": [3, 3, 4, 11], "texture": "#2"},
				"west": {"uv": [2, 3, 3, 11], "texture": "#2"},
				"up": {"uv": [2, 3, 1, 2], "texture": "#2"}
			}
		},
		{
			"from": [11.05598, 8.38351, 1.86458],
			"to": [11.88088, 10.12015, 11.8937],
			"rotation": {"angle": 0, "axis": "y", "origin": [15.00684, 9.25183, -1.587]},
			"faces": {
				"east": {"uv": [0, 5.95, 5, 6.95], "texture": "#2"},
				"west": {"uv": [5, 5.95, 10, 6.95], "texture": "#2"},
				"up": {"uv": [5, 5.95, 5, 0.95], "texture": "#2"},
				"down": {"uv": [5, 0.95, 5, 5.95], "texture": "#2"}
			}
		},
		{
			"from": [3.28449, 8.38351, 1.47384],
			"to": [4.1094, 10.12015, 11.93712],
			"rotation": {"angle": 0, "axis": "y", "origin": [7.84319, 9.25183, -1.54358]},
			"faces": {
				"east": {"uv": [0, 6.95, 6, 7.95], "texture": "#2"},
				"west": {"uv": [6, 6.95, 12, 7.95], "texture": "#2"},
				"up": {"uv": [6, 6.95, 6, 0.95], "texture": "#2"},
				"down": {"uv": [6, 0.95, 6, 6.95], "texture": "#2"}
			}
		},
		{
			"from": [2.41617, -1.18975, 10.56951],
			"to": [4.15282, 12.74683, 12.30616],
			"rotation": {"angle": 0, "axis": "y", "origin": [6.97486, -1.16804, 11.43783]},
			"faces": {
				"north": {"uv": [1, 3, 2, 11], "texture": "#2"},
				"east": {"uv": [0, 3, 1, 11], "texture": "#2"},
				"south": {"uv": [3, 3, 4, 11], "texture": "#2"},
				"west": {"uv": [2, 3, 3, 11], "texture": "#2"},
				"up": {"uv": [2, 3, 1, 2], "texture": "#2"}
			}
		},
		{
			"from": [2.30763, -2.03636, 10.56951],
			"to": [12.77091, -0.29972, 12.30616],
			"rotation": {"angle": 0, "axis": "y", "origin": [-6.37559, -3.773, 1.88629]},
			"faces": {
				"north": {"uv": [1, 3, 7, 4], "texture": "#2"},
				"east": {"uv": [0, 3, 1, 4], "texture": "#2"},
				"south": {"uv": [8, 3, 14, 4], "texture": "#2"},
				"west": {"uv": [7, 3, 8, 4], "texture": "#2"},
				"up": {"uv": [7, 3, 1, 2], "texture": "#2"},
				"down": {"uv": [13, 2, 7, 3], "texture": "#2"}
			}
		},
		{
			"from": [2.30763, -2.03636, 1.45213],
			"to": [12.77091, -0.29972, 3.18877],
			"rotation": {"angle": 0, "axis": "y", "origin": [-6.37559, -3.773, -7.23109]},
			"faces": {
				"north": {"uv": [1, 3, 7, 4], "texture": "#2"},
				"east": {"uv": [0, 3, 1, 4], "texture": "#2"},
				"south": {"uv": [8, 3, 14, 4], "texture": "#2"},
				"west": {"uv": [7, 3, 8, 4], "texture": "#2"},
				"up": {"uv": [7, 3, 1, 2], "texture": "#2"},
				"down": {"uv": [13, 2, 7, 3], "texture": "#2"}
			}
		},
		{
			"from": [2.30763, -0.44099, -6.56832],
			"to": [4.04428, 1.29565, 2.11491],
			"rotation": {"angle": 22.5, "axis": "x", "origin": [3.17595, 0.42733, -2.2267]},
			"faces": {
				"north": {"uv": [5, 15, 6, 16], "texture": "#2"},
				"east": {"uv": [0, 15, 5, 16], "texture": "#2"},
				"west": {"uv": [6, 15, 11, 16], "texture": "#2"},
				"up": {"uv": [6, 15, 5, 10], "texture": "#2"},
				"down": {"uv": [7, 10, 6, 15], "texture": "#2"}
			}
		},
		{
			"from": [10.99085, -0.40795, -6.73446],
			"to": [12.7275, 1.3287, 1.94876],
			"rotation": {"angle": 22.5, "axis": "x", "origin": [3.3062, 0.02621, -2.39285]},
			"faces": {
				"north": {"uv": [5, 9, 6, 10], "texture": "#2"},
				"east": {"uv": [0, 9, 5, 10], "texture": "#2"},
				"west": {"uv": [6, 9, 11, 10], "texture": "#2"},
				"up": {"uv": [6, 9, 5, 4], "texture": "#2"},
				"down": {"uv": [7, 4, 6, 9], "texture": "#2"}
			}
		},
		{
			"from": [3.91403, 1.04618, -4.97346],
			"to": [11.03427, 1.74084, -4.2788],
			"rotation": {"angle": 22.5, "axis": "x", "origin": [8.38589, 2.30525, -4.62613]},
			"faces": {
				"north": {"uv": [0, 2, 4, 2], "texture": "#12"},
				"south": {"uv": [4, 2, 8, 2], "texture": "#12"},
				"up": {"uv": [4, 2, 0, 2], "texture": "#12"},
				"down": {"uv": [8, 2, 4, 2], "texture": "#12"}
			}
		},
		{
			"from": [9.55812, 0.69885, -5.32078],
			"to": [10.2962, 2.08817, -3.93147],
			"rotation": {"angle": 22.5, "axis": "x", "origin": [8.38589, 2.30525, -4.62613]},
			"faces": {
				"north": {"uv": [0, 4, 0, 4], "texture": "#1"},
				"east": {"uv": [0, 4, 0, 4], "texture": "#1"},
				"south": {"uv": [0, 4, 0, 4], "texture": "#1"},
				"west": {"uv": [0, 4, 0, 4], "texture": "#1"},
				"up": {"uv": [0, 4, 0, 4], "texture": "#1"},
				"down": {"uv": [0, 4, 0, 4], "texture": "#1"}
			}
		},
		{
			"from": [7.95173, 0.69885, -5.32078],
			"to": [8.6898, 2.08817, -3.93147],
			"rotation": {"angle": 22.5, "axis": "x", "origin": [8.38589, 2.30525, -4.62613]},
			"faces": {
				"north": {"uv": [2, 2, 2, 2], "texture": "#1"},
				"east": {"uv": [2, 2, 2, 2], "texture": "#1"},
				"south": {"uv": [2, 2, 2, 2], "texture": "#1"},
				"west": {"uv": [2, 2, 2, 2], "texture": "#1"},
				"up": {"uv": [2, 2, 2, 2], "texture": "#1"},
				"down": {"uv": [2, 2, 2, 2], "texture": "#1"}
			}
		},
		{
			"from": [6.47558, 0.69885, -5.32078],
			"to": [7.21365, 2.08817, -3.93147],
			"rotation": {"angle": 22.5, "axis": "x", "origin": [8.38589, 2.30525, -4.62613]},
			"faces": {
				"north": {"uv": [0, 2.6, 0, 2.6], "texture": "#1"},
				"east": {"uv": [0, 2.6, 0, 2.6], "texture": "#1"},
				"south": {"uv": [0, 2.6, 0, 2.6], "texture": "#1"},
				"west": {"uv": [0, 2.6, 0, 2.6], "texture": "#1"},
				"up": {"uv": [0, 2.6, 0, 2.6], "texture": "#1"},
				"down": {"uv": [0, 2.6, 0, 2.6], "texture": "#1"}
			}
		},
		{
			"from": [4.86918, 0.69885, -5.32078],
			"to": [5.60726, 2.08817, -3.93147],
			"rotation": {"angle": 22.5, "axis": "x", "origin": [8.38589, 2.30525, -4.62613]},
			"faces": {
				"north": {"uv": [0, 1.6, 0, 1.6], "texture": "#1"},
				"east": {"uv": [0, 1.6, 0, 1.6], "texture": "#1"},
				"south": {"uv": [0, 1.6, 0, 1.6], "texture": "#1"},
				"west": {"uv": [0, 1.6, 0, 1.6], "texture": "#1"},
				"up": {"uv": [0, 1.6, 0, 1.6], "texture": "#1"},
				"down": {"uv": [0, 1.6, 0, 1.6], "texture": "#1"}
			}
		},
		{
			"from": [3.91403, 5.82196, -3.7578],
			"to": [11.03427, 6.51661, -3.06315],
			"rotation": {"angle": 22.5, "axis": "x", "origin": [8.38589, 2.30525, -6.01544]},
			"faces": {
				"north": {"uv": [0, 2, 4, 2], "texture": "#12"},
				"east": {"uv": [0, 2, 0, 2], "texture": "#12"},
				"south": {"uv": [4, 2, 8, 2], "texture": "#12"},
				"west": {"uv": [4, 2, 4, 2], "texture": "#12"},
				"up": {"uv": [4, 2, 0, 2], "texture": "#12"},
				"down": {"uv": [8, 2, 4, 2], "texture": "#12"}
			}
		},
		{
			"from": [8.4293, 4.95363, -4.53929],
			"to": [9.94887, 7.38494, -2.28166],
			"rotation": {"angle": 22.5, "axis": "x", "origin": [8.38589, 2.30525, -6.01544]},
			"faces": {
				"north": {"uv": [1, 2, 1.875, 3.4], "texture": "#1"},
				"east": {"uv": [1, 2, 1.875, 3.4], "texture": "#1"},
				"south": {"uv": [1, 2, 1.875, 3.4], "texture": "#1"},
				"west": {"uv": [1, 2, 1.875, 3.4], "texture": "#1"},
				"up": {"uv": [1, 2, 1.875, 3.4], "texture": "#1"},
				"down": {"uv": [1, 2, 1.875, 3.4], "texture": "#1"}
			}
		},
		{
			"from": [5.08626, 4.95363, -4.53929],
			"to": [6.60583, 7.38494, -2.28166],
			"rotation": {"angle": 22.5, "axis": "x", "origin": [8.38589, 2.30525, -6.01544]},
			"faces": {
				"north": {"uv": [2, 3, 3, 4], "texture": "#1"},
				"east": {"uv": [2, 3, 3, 4], "texture": "#1"},
				"south": {"uv": [2, 3, 3, 4], "texture": "#1"},
				"west": {"uv": [2, 3, 3, 4], "texture": "#1"},
				"up": {"uv": [2, 3, 3, 4], "texture": "#1"},
				"down": {"uv": [2, 3, 3, 4], "texture": "#1"}
			}
		},
		{
			"from": [2.98058, -1.18975, 1.45213],
			"to": [4.71723, 12.74683, 3.18877],
			"rotation": {"angle": 0, "axis": "y", "origin": [7.53927, -1.16804, 2.32045]},
			"faces": {
				"north": {"uv": [1, 3, 2, 11], "texture": "#2"},
				"east": {"uv": [0, 3, 1, 11], "texture": "#2"},
				"south": {"uv": [3, 3, 4, 11], "texture": "#2"},
				"west": {"uv": [2, 3, 3, 11], "texture": "#2"},
				"up": {"uv": [2, 3, 1, 2], "texture": "#2"}
			}
		},
		{
			"from": [10.14424, -1.18975, 1.45213],
			"to": [11.88088, 12.74683, 3.18877],
			"rotation": {"angle": 0, "axis": "y", "origin": [7.53927, -1.16804, 2.32045]},
			"faces": {
				"north": {"uv": [1, 3, 2, 11], "texture": "#2"},
				"east": {"uv": [0, 3, 1, 11], "texture": "#2"},
				"south": {"uv": [3, 3, 4, 11], "texture": "#2"},
				"west": {"uv": [2, 3, 3, 11], "texture": "#2"},
				"up": {"uv": [2, 3, 1, 2], "texture": "#2"}
			}
		},
		{
			"from": [3.43645, 4.0419, -3.32364],
			"to": [4.13111, 5.77854, 1.45213],
			"rotation": {"angle": 0, "axis": "y", "origin": [-6.37559, -5.50965, -7.23109]},
			"faces": {
				"north": {"uv": [2, 7.5, 2, 8.5], "texture": "#2"},
				"east": {"uv": [0, 7.5, 2, 8.5], "texture": "#2"},
				"west": {"uv": [2, 7.5, 4, 8.5], "texture": "#2"},
				"up": {"uv": [2, 7.5, 2, 5.5], "texture": "#2"},
				"down": {"uv": [2, 5.5, 2, 7.5], "texture": "#2"}
			}
		},
		{
			"from": [10.99085, 4.0419, -3.32364],
			"to": [11.68551, 5.77854, 1.45213],
			"rotation": {"angle": 0, "axis": "y", "origin": [-6.37559, -5.50965, -7.23109]},
			"faces": {
				"north": {"uv": [2, 7.5, 2, 8.5], "texture": "#2"},
				"east": {"uv": [0, 7.5, 2, 8.5], "texture": "#2"},
				"west": {"uv": [2, 7.5, 4, 8.5], "texture": "#2"},
				"up": {"uv": [2, 7.5, 2, 5.5], "texture": "#2"},
				"down": {"uv": [2, 5.5, 2, 7.5], "texture": "#2"}
			}
		},
		{
			"from": [4.04428, 8.51375, 1.88629],
			"to": [10.99085, 9.38208, 2.75461],
			"rotation": {"angle": 0, "axis": "y", "origin": [4.04428, 7.64543, 1.45213]},
			"faces": {
				"north": {"uv": [0, 0, 4, 1], "texture": "#9"},
				"south": {"uv": [0, 1, 4, 2], "texture": "#9"},
				"up": {"uv": [4, 3, 0, 2], "texture": "#9"},
				"down": {"uv": [4, 3, 0, 4], "texture": "#9"}
			}
		},
		{
			"from": [8.47272, 6.65555, 0.0715],
			"to": [9.68837, 11.24029, 4.65624],
			"rotation": {"angle": 22.5, "axis": "x", "origin": [8.82005, 8.94792, 2.36387]},
			"faces": {
				"north": {"uv": [6, 6, 7.4, 11.28], "texture": "#10"},
				"east": {"uv": [0, 6, 5.28, 11.28], "texture": "#10"},
				"south": {"uv": [6, 6, 7.4, 11.28], "texture": "#10"},
				"west": {"uv": [0, 6, 5.4, 11.28], "texture": "#10"},
				"up": {"uv": [6, 6, 7.4, 11.28], "texture": "#10"},
				"down": {"uv": [6, 6, 7.4, 11.28], "texture": "#10"}
			}
		},
		{
			"from": [5.43359, 6.65555, 0.0715],
			"to": [6.64924, 11.24029, 4.65624],
			"rotation": {"angle": 22.5, "axis": "x", "origin": [8.82005, 8.94792, 2.36387]},
			"faces": {
				"north": {"uv": [6, 0, 7.5, 5.25], "texture": "#10"},
				"east": {"uv": [0, 6, 5.25, 11.25], "texture": "#10"},
				"south": {"uv": [6, 6, 7.5, 11.25], "texture": "#10"},
				"west": {"uv": [0, 6, 5.25, 11.25], "texture": "#10"},
				"up": {"uv": [9.5, 5.25, 8, 0], "texture": "#10"},
				"down": {"uv": [9.5, 6, 8, 11.25], "texture": "#10"}
			}
		},
		{
			"from": [4.47844, -1.60402, 5.3623],
			"to": [5.34676, 0.13263, 7.96727],
			"rotation": {"angle": -22.5, "axis": "x", "origin": [5.34676, -0.7357, 6.66479]},
			"faces": {
				"east": {"uv": [8, 0, 9.5, 1], "texture": "#6"},
				"west": {"uv": [8, 1, 9.5, 2], "texture": "#6"},
				"up": {"uv": [4.5, 11.5, 4, 10], "texture": "#6"},
				"down": {"uv": [10.5, 4, 10, 5.5], "texture": "#6"}
			}
		},
		{
			"from": [4.47844, -1.60081, 7.71358],
			"to": [5.34676, 0.13584, 10.31855],
			"rotation": {"angle": -45, "axis": "x", "origin": [5.34676, -0.73248, 7.27942]},
			"faces": {
				"east": {"uv": [6, 6, 7.5, 7], "texture": "#6"},
				"west": {"uv": [6, 7, 7.5, 8], "texture": "#6"},
				"up": {"uv": [10.5, 3.5, 10, 2], "texture": "#6"},
				"down": {"uv": [3.5, 10, 3, 11.5], "texture": "#6"}
			}
		},
		{
			"from": [4.47844, 1.10175, 8.538],
			"to": [5.34676, 3.70672, 10.27465],
			"rotation": {"angle": 22.5, "axis": "x", "origin": [4.9126, 1.53591, 9.40633]},
			"faces": {
				"north": {"uv": [10, 6, 10.5, 7.5], "texture": "#6"},
				"east": {"uv": [4, 6, 5, 7.5], "texture": "#6"},
				"south": {"uv": [10, 8, 10.5, 9.5], "texture": "#6"},
				"west": {"uv": [0, 8, 1, 9.5], "texture": "#6"}
			}
		},
		{
			"from": [4.47844, 3.20918, 9.30264],
			"to": [5.34676, 11.45824, 11.03928],
			"rotation": {"angle": 0, "axis": "y", "origin": [4.9126, 4.51167, 11.90761]},
			"faces": {
				"north": {"uv": [1, 5, 1.5, 9.75], "texture": "#6"},
				"east": {"uv": [0, 0, 1, 4.75], "texture": "#6"},
				"south": {"uv": [2, 5, 2.5, 9.75], "texture": "#6"},
				"west": {"uv": [1, 0, 2, 4.75], "texture": "#6"}
			}
		},
		{
			"from": [4.47844, 15.52204, 6.36051],
			"to": [5.34676, 17.25869, 9.39964],
			"rotation": {"angle": 45, "axis": "x", "origin": [4.9126, 16.39036, 7.22883]},
			"faces": {
				"north": {"uv": [6, 12, 6.5, 13], "texture": "#6"},
				"east": {"uv": [6, 0, 7.75, 1], "texture": "#6"},
				"west": {"uv": [6, 1, 7.75, 2], "texture": "#6"},
				"up": {"uv": [9.5, 3.75, 9, 2], "texture": "#6"},
				"down": {"uv": [9.5, 8, 9, 9.75], "texture": "#6"}
			}
		},
		{
			"from": [4.47844, 11.02681, 8.8703],
			"to": [5.34676, 15.36842, 10.60694],
			"rotation": {"angle": -22.5, "axis": "x", "origin": [4.9126, 12.32929, 9.73862]},
			"faces": {
				"north": {"uv": [5, 9, 5.5, 11.5], "texture": "#6"},
				"east": {"uv": [4, 0, 5, 2.5], "texture": "#6"},
				"south": {"uv": [6, 9, 6.5, 11.5], "texture": "#6"},
				"west": {"uv": [4, 3, 5, 5.5], "texture": "#6"}
			}
		},
		{
			"from": [4.47844, -2.03636, 3.18877],
			"to": [5.34676, -0.29972, 5.79374],
			"rotation": {"angle": 0, "axis": "y", "origin": [4.47844, -3.773, 3.18877]},
			"faces": {
				"east": {"uv": [6, 4, 7.5, 5], "texture": "#6"},
				"west": {"uv": [6, 5, 7.5, 6], "texture": "#6"},
				"up": {"uv": [1.5, 11.5, 1, 10], "texture": "#6"},
				"down": {"uv": [2.5, 10, 2, 11.5], "texture": "#6"}
			}
		},
		{
			"from": [9.25421, -1.60402, 5.3623],
			"to": [10.12253, 0.13263, 7.96727],
			"rotation": {"angle": -22.5, "axis": "x", "origin": [10.12253, -0.7357, 6.66479]},
			"faces": {
				"east": {"uv": [8, 5, 9.5, 6], "texture": "#6"},
				"west": {"uv": [8, 6, 9.5, 7], "texture": "#6"},
				"up": {"uv": [11.5, 5.5, 11, 4], "texture": "#6"},
				"down": {"uv": [11.5, 6, 11, 7.5], "texture": "#6"}
			}
		},
		{
			"from": [9.25421, -1.60081, 7.71358],
			"to": [10.12253, 0.13584, 10.31855],
			"rotation": {"angle": -45, "axis": "x", "origin": [10.12253, -0.73248, 7.27942]},
			"faces": {
				"east": {"uv": [8, 4, 9.5, 5], "texture": "#6"},
				"west": {"uv": [5, 8, 6.5, 9], "texture": "#6"},
				"up": {"uv": [11.5, 1.5, 11, 0], "texture": "#6"},
				"down": {"uv": [11.5, 2, 11, 3.5], "texture": "#6"}
			}
		},
		{
			"from": [9.25421, 1.10175, 8.538],
			"to": [10.12253, 3.70672, 10.27465],
			"rotation": {"angle": 22.5, "axis": "x", "origin": [9.68837, 1.53591, 9.40633]},
			"faces": {
				"north": {"uv": [9, 10, 9.5, 11.5], "texture": "#6"},
				"east": {"uv": [8, 2, 9, 3.5], "texture": "#6"},
				"south": {"uv": [10, 10, 10.5, 11.5], "texture": "#6"},
				"west": {"uv": [4, 8, 5, 9.5], "texture": "#6"}
			}
		},
		{
			"from": [9.25421, 3.20918, 9.30264],
			"to": [10.12253, 11.45824, 11.03928],
			"rotation": {"angle": 0, "axis": "y", "origin": [9.68837, 4.51167, 11.90761]},
			"faces": {
				"north": {"uv": [3, 5, 3.5, 9.75], "texture": "#6"},
				"east": {"uv": [2, 0, 3, 4.75], "texture": "#6"},
				"south": {"uv": [5, 3, 5.5, 7.75], "texture": "#6"},
				"west": {"uv": [3, 0, 4, 4.75], "texture": "#6"}
			}
		},
		{
			"from": [9.25421, 15.52204, 6.36051],
			"to": [10.12253, 17.25869, 9.39964],
			"rotation": {"angle": 45, "axis": "x", "origin": [9.68837, 16.39036, 7.22883]},
			"faces": {
				"north": {"uv": [7, 12, 7.5, 13], "texture": "#6"},
				"east": {"uv": [6, 2, 7.75, 3], "texture": "#6"},
				"west": {"uv": [6, 3, 7.75, 4], "texture": "#6"},
				"up": {"uv": [0.5, 11.75, 0, 10], "texture": "#6"},
				"down": {"uv": [10.5, 0, 10, 1.75], "texture": "#6"}
			}
		},
		{
			"from": [9.25421, 11.02681, 8.8703],
			"to": [10.12253, 15.36842, 10.60694],
			"rotation": {"angle": -22.5, "axis": "x", "origin": [9.68837, 12.32929, 9.73862]},
			"faces": {
				"north": {"uv": [7, 9, 7.5, 11.5], "texture": "#6"},
				"east": {"uv": [0, 5, 1, 7.5], "texture": "#6"},
				"south": {"uv": [8, 9, 8.5, 11.5], "texture": "#6"},
				"west": {"uv": [5, 0, 6, 2.5], "texture": "#6"}
			}
		},
		{
			"from": [9.25421, -2.03636, 3.18877],
			"to": [10.12253, -0.29972, 5.79374],
			"rotation": {"angle": 0, "axis": "y", "origin": [9.25421, -3.773, 3.18877]},
			"faces": {
				"east": {"uv": [7, 8, 8.5, 9], "texture": "#6"},
				"west": {"uv": [8, 7, 9.5, 8], "texture": "#6"},
				"up": {"uv": [11.5, 9.5, 11, 8], "texture": "#6"},
				"down": {"uv": [11.5, 10, 11, 11.5], "texture": "#6"}
			}
		}
	],
	"display": {
		"thirdperson_righthand": {
			"translation": [0, 7.5, -4.25]
		},
		"head": {
			"translation": [0, -5, 0],
			"scale": [2, 2, 2]
		}
	},
	"groups": [
		{
			"name": "Climb",
			"origin": [7.6875, 2.5, 10.75],
			"color": 0,
			"children": [
				{
					"name": "Arm Right",
					"origin": [7.6875, 2.5, 10.75],
					"color": 0,
					"children": [0, 1, 2, 3, 4, 5, 6, 7, 8, 9]
				},
				{
					"name": "Arm Middle",
					"origin": [7.6875, 2.5, 10.75],
					"color": 0,
					"children": [10, 11, 12, 13, 14, 15, 16, 17, 18, 19]
				},
				{
					"name": "Arm Left",
					"origin": [7.6875, 2.5, 10.75],
					"color": 0,
					"children": [20, 21, 22, 23, 24, 25, 26, 27, 28, 29]
				},
				30,
				31,
				32,
				33,
				34,
				35
			]
		},
		{
			"name": "Frame",
			"origin": [8, 8, 8],
			"color": 0,
			"children": [
				{
					"name": "Wheels",
					"origin": [0, 0, 0],
					"color": 0,
					"children": [36, 37, 38, 39, 40, 41]
				},
				{
					"name": "Frame Plates",
					"origin": [8, 8, 8],
					"color": 0,
					"children": [42, 43]
				},
				{
					"name": "Bumper",
					"origin": [8, 8, 8],
					"color": 0,
					"children": [44, 45, 46, 47, 48, 49]
				},
				{
					"name": "Battery Holder",
					"origin": [8, 8, 8],
					"color": 0,
					"children": [50, 51, 52, 53]
				},
				54,
				55,
				56,
				57,
				58,
				59
			]
		},
		{
			"name": "Intake",
			"origin": [8, 8, 8],
			"color": 0,
			"children": [60, 61, 62, 63, 64, 65, 66, 67]
		},
		{
			"name": "Upper Intake",
			"origin": [8, 8, 8],
			"color": 0,
			"children": [68, 69, 70, 71, 72, 73, 74]
		},
		{
			"name": "Shooter",
			"origin": [8, 8, 8],
			"color": 0,
			"children": [
				75,
				{
					"name": "Shooter Wheel 1",
					"origin": [8, 8, 8],
					"color": 0,
					"children": [76, 77]
				},
				{
					"name": "Shooter Wheel 2",
					"origin": [8, 8, 8],
					"color": 0,
					"children": []
				},
				{
					"name": "Curve",
					"origin": [8, 8, 8],
					"color": 0,
					"children": [
						{
							"name": "Side Right",
							"origin": [8, 8, 8],
							"color": 0,
							"children": [78, 79, 80, 81, 82, 83, 84]
						},
						{
							"name": "Side Left",
							"origin": [8, 8, 8],
							"color": 0,
							"children": [85, 86, 87, 88, 89, 90, 91]
						}
					]
				}
			]
		}
	]
}